<?xml version="1.0" encoding="UTF-8"?>
<metadata xml:lang="en"><Esri><CreaDate>20251108</CreaDate><CreaTime>03312900</CreaTime><ArcGISFormat>1.0</ArcGISFormat><SyncOnce>FALSE</SyncOnce><DataProperties><itemProps><itemName Sync="TRUE">RGU_edited2</itemName><imsContentType Sync="TRUE">002</imsContentType><itemSize Sync="TRUE">0.000</itemSize><itemLocation><linkage Sync="TRUE">file://\\LI4LAM\D$\SBE\Professional_Service\Global Communities\Temp\modified\New File Geodatabase.gdb</linkage><protocol Sync="TRUE">Local Area Network</protocol></itemLocation></itemProps><coordRef><type Sync="TRUE">Geographic</type><geogcsn Sync="TRUE">GCS_WGS_1984</geogcsn><csUnits Sync="TRUE">Angular Unit: Degree (0.017453)</csUnits><peXml Sync="TRUE">&lt;GeographicCoordinateSystem xsi:type='typens:GeographicCoordinateSystem' xmlns:xsi='http://www.w3.org/2001/XMLSchema-instance' xmlns:xs='http://www.w3.org/2001/XMLSchema' xmlns:typens='http://www.esri.com/schemas/ArcGIS/10.7'&gt;&lt;WKT&gt;GEOGCS[&amp;quot;GCS_WGS_1984&amp;quot;,DATUM[&amp;quot;D_WGS_1984&amp;quot;,SPHEROID[&amp;quot;WGS_1984&amp;quot;,6378137.0,298.257223563]],PRIMEM[&amp;quot;Greenwich&amp;quot;,0.0],UNIT[&amp;quot;Degree&amp;quot;,0.0174532925199433]],VERTCS[&amp;quot;EGM96_Geoid&amp;quot;,VDATUM[&amp;quot;EGM96_Geoid&amp;quot;],PARAMETER[&amp;quot;Vertical_Shift&amp;quot;,0.0],PARAMETER[&amp;quot;Direction&amp;quot;,1.0],UNIT[&amp;quot;Meter&amp;quot;,1.0]]&lt;/WKT&gt;&lt;XOrigin&gt;-400&lt;/XOrigin&gt;&lt;YOrigin&gt;-400&lt;/YOrigin&gt;&lt;XYScale&gt;999999999.99999988&lt;/XYScale&gt;&lt;ZOrigin&gt;-100000&lt;/ZOrigin&gt;&lt;ZScale&gt;10000&lt;/ZScale&gt;&lt;MOrigin&gt;-100000&lt;/MOrigin&gt;&lt;MScale&gt;10000&lt;/MScale&gt;&lt;XYTolerance&gt;8.983152841195215e-09&lt;/XYTolerance&gt;&lt;ZTolerance&gt;0.001&lt;/ZTolerance&gt;&lt;MTolerance&gt;0.001&lt;/MTolerance&gt;&lt;HighPrecision&gt;true&lt;/HighPrecision&gt;&lt;LeftLongitude&gt;-180&lt;/LeftLongitude&gt;&lt;WKID&gt;4326&lt;/WKID&gt;&lt;LatestWKID&gt;4326&lt;/LatestWKID&gt;&lt;VCSWKID&gt;5773&lt;/VCSWKID&gt;&lt;LatestVCSWKID&gt;5773&lt;/LatestVCSWKID&gt;&lt;/GeographicCoordinateSystem&gt;</peXml></coordRef><lineage><Process ToolSource="c:\program files (x86)\arcgis\desktop10.8\ArcToolbox\Toolboxes\Data Management Tools.tbx\Merge" Date="20251003" Time="161148">Merge Cohort1&amp;2;Cohort3_RGU "D:\SBE\Professional_Service\Global Communities\Report\Shape_draft\Oromia\East_Borena\East_Borena_RGUs.shp" "fid_ "fid_" true true false 10 Long 0 10 ,First,#,Cohort1&amp;2,fid_,-1,-1;Name "Name" true true false 254 Text 0 0 ,First,#,Cohort1&amp;2,Name,-1,-1,Cohort3_RGU,Name,-1,-1;layer "layer" true true false 254 Text 0 0 ,First,#,Cohort1&amp;2,layer,-1,-1;path "path" true true false 254 Text 0 0 ,First,#,Cohort1&amp;2,path,-1,-1;Region "Region" true true false 10 Text 0 0 ,First,#,Cohort1&amp;2,Region,-1,-1;area_ha "area_ha" true true false 19 Double 8 18 ,First,#,Cohort1&amp;2,area_ha,-1,-1;Cohort "Cohort" true true false 10 Long 0 10 ,First,#,Cohort1&amp;2,Cohort,-1,-1;OID_ "OID_" true true false 10 Long 0 10 ,First,#,Cohort3_RGU,OID_,-1,-1;FolderPath "FolderPath" true true false 254 Text 0 0 ,First,#,Cohort3_RGU,FolderPath,-1,-1;SymbolID "SymbolID" true true false 10 Long 0 10 ,First,#,Cohort3_RGU,SymbolID,-1,-1;AltMode "AltMode" true true false 5 Long 0 5 ,First,#,Cohort3_RGU,AltMode,-1,-1;Base "Base" true true false 19 Double 0 0 ,First,#,Cohort3_RGU,Base,-1,-1;Clamped "Clamped" true true false 5 Long 0 5 ,First,#,Cohort3_RGU,Clamped,-1,-1;Extruded "Extruded" true true false 5 Long 0 5 ,First,#,Cohort3_RGU,Extruded,-1,-1;Snippet "Snippet" true true false 254 Text 0 0 ,First,#,Cohort3_RGU,Snippet,-1,-1;PopupInfo "PopupInfo" true true false 254 Text 0 0 ,First,#,Cohort3_RGU,PopupInfo,-1,-1;Shape_Leng "Shape_Leng" true true false 19 Double 0 0 ,First,#,Cohort3_RGU,Shape_Leng,-1,-1;Shape_Area "Shape_Area" true true false 19 Double 0 0 ,First,#,Cohort3_RGU,Shape_Area,-1,-1"</Process><Process ToolSource="c:\program files (x86)\arcgis\desktop10.8\ArcToolbox\Toolboxes\Conversion Tools.tbx\FeatureClassToFeatureClass" Date="20251003" Time="161322">FeatureClassToFeatureClass East_Borena_RGUs "D:\SBE\Professional_Service\Global Communities\Report\Shape_draft\Oromia\East_Borena\New File Geodatabase.gdb\East_Borena_RGUs" East_Borena_RGUs # "fid_ "fid_" true true false 10 Long 0 10 ,First,#,East_Borena_RGUs,fid_,-1,-1;Name "Name" true true false 254 Text 0 0 ,First,#,East_Borena_RGUs,Name,-1,-1;layer "layer" true true false 254 Text 0 0 ,First,#,East_Borena_RGUs,layer,-1,-1;path "path" true true false 254 Text 0 0 ,First,#,East_Borena_RGUs,path,-1,-1;Region "Region" true true false 10 Text 0 0 ,First,#,East_Borena_RGUs,Region,-1,-1;area_ha "area_ha" true true false 19 Double 8 18 ,First,#,East_Borena_RGUs,area_ha,-1,-1;Cohort "Cohort" true true false 10 Long 0 10 ,First,#,East_Borena_RGUs,Cohort,-1,-1;OID_ "OID_" true true false 10 Long 0 10 ,First,#,East_Borena_RGUs,OID_,-1,-1;FolderPath "FolderPath" true true false 254 Text 0 0 ,First,#,East_Borena_RGUs,FolderPath,-1,-1;SymbolID "SymbolID" true true false 10 Long 0 10 ,First,#,East_Borena_RGUs,SymbolID,-1,-1;AltMode "AltMode" true true false 5 Long 0 5 ,First,#,East_Borena_RGUs,AltMode,-1,-1;Base "Base" true true false 19 Double 0 0 ,First,#,East_Borena_RGUs,Base,-1,-1;Clamped "Clamped" true true false 5 Long 0 5 ,First,#,East_Borena_RGUs,Clamped,-1,-1;Extruded "Extruded" true true false 5 Long 0 5 ,First,#,East_Borena_RGUs,Extruded,-1,-1;Snippet "Snippet" true true false 254 Text 0 0 ,First,#,East_Borena_RGUs,Snippet,-1,-1;PopupInfo "PopupInfo" true true false 254 Text 0 0 ,First,#,East_Borena_RGUs,PopupInfo,-1,-1;Shape_Leng "Shape_Leng" true true false 19 Double 0 0 ,First,#,East_Borena_RGUs,Shape_Leng,-1,-1;Shape_Area "Shape_Area" true true false 19 Double 0 0 ,First,#,East_Borena_RGUs,Shape_Area,-1,-1" #</Process><Process ToolSource="c:\program files (x86)\arcgis\desktop10.8\ArcToolbox\Toolboxes\Data Management Tools.tbx\Merge" Date="20251004" Time="003720">Merge East_Borena_RGUs;Wachule "D:\SBE\Professional_Service\Global Communities\Report\Shape_draft\Oromia\East_Borena\East_Borena_Merged_RGUs.shp" "fid_ "fid_" true true false 4 Long 0 0 ,First,#,East_Borena_RGUs,fid_,-1,-1;Name "Name" true true false 254 Text 0 0 ,First,#,East_Borena_RGUs,Name,-1,-1;layer "layer" true true false 254 Text 0 0 ,First,#,East_Borena_RGUs,layer,-1,-1;path "path" true true false 254 Text 0 0 ,First,#,East_Borena_RGUs,path,-1,-1;Region "Region" true true false 10 Text 0 0 ,First,#,East_Borena_RGUs,Region,-1,-1;area_ha "area_ha" true true false 8 Double 0 0 ,First,#,East_Borena_RGUs,area_ha,-1,-1;Cohort "Cohort" true true false 4 Long 0 0 ,First,#,East_Borena_RGUs,Cohort,-1,-1;OID_ "OID_" true true false 4 Long 0 0 ,First,#,East_Borena_RGUs,OID_,-1,-1;FolderPath "FolderPath" true true false 254 Text 0 0 ,First,#,East_Borena_RGUs,FolderPath,-1,-1;SymbolID "SymbolID" true true false 4 Long 0 0 ,First,#,East_Borena_RGUs,SymbolID,-1,-1;AltMode "AltMode" true true false 4 Long 0 0 ,First,#,East_Borena_RGUs,AltMode,-1,-1;Base "Base" true true false 8 Double 0 0 ,First,#,East_Borena_RGUs,Base,-1,-1;Clamped "Clamped" true true false 4 Long 0 0 ,First,#,East_Borena_RGUs,Clamped,-1,-1;Extruded "Extruded" true true false 4 Long 0 0 ,First,#,East_Borena_RGUs,Extruded,-1,-1;Snippet "Snippet" true true false 254 Text 0 0 ,First,#,East_Borena_RGUs,Snippet,-1,-1;PopupInfo "PopupInfo" true true false 254 Text 0 0 ,First,#,East_Borena_RGUs,PopupInfo,-1,-1;Shape_Leng "Shape_Leng" true true false 8 Double 0 0 ,First,#,East_Borena_RGUs,Shape_Leng,-1,-1;Shape_Le_1 "Shape_Le_1" false true true 8 Double 0 0 ,First,#,East_Borena_RGUs,Shape_Length,-1,-1;Shape_Area "Shape_Area" false true true 8 Double 0 0 ,First,#,East_Borena_RGUs,Shape_Area,-1,-1;Id "Id" true true false 6 Long 0 6 ,First,#,Wachule,Id,-1,-1"</Process><Process ToolSource="c:\program files (x86)\arcgis\desktop10.8\ArcToolbox\Toolboxes\Conversion Tools.tbx\FeatureClassToFeatureClass" Date="20251004" Time="004132">FeatureClassToFeatureClass East_Borena_Merged_RGUs "D:\SBE\Professional_Service\Global Communities\Report\Shape_draft\Oromia\East_Borena\New File Geodatabase.gdb\East_Borena_RGU" East_Borena_RGU # "fid_ "fid_" true true false 10 Long 0 10 ,First,#,East_Borena_Merged_RGUs,fid_,-1,-1;Name "Name" true true false 254 Text 0 0 ,First,#,East_Borena_Merged_RGUs,Name,-1,-1;layer "layer" true true false 254 Text 0 0 ,First,#,East_Borena_Merged_RGUs,layer,-1,-1;path "path" true true false 254 Text 0 0 ,First,#,East_Borena_Merged_RGUs,path,-1,-1;Region "Region" true true false 10 Text 0 0 ,First,#,East_Borena_Merged_RGUs,Region,-1,-1;area_ha "area_ha" true true false 19 Double 0 0 ,First,#,East_Borena_Merged_RGUs,area_ha,-1,-1;Cohort "Cohort" true true false 10 Long 0 10 ,First,#,East_Borena_Merged_RGUs,Cohort,-1,-1;OID_ "OID_" true true false 10 Long 0 10 ,First,#,East_Borena_Merged_RGUs,OID_,-1,-1;FolderPath "FolderPath" true true false 254 Text 0 0 ,First,#,East_Borena_Merged_RGUs,FolderPath,-1,-1;SymbolID "SymbolID" true true false 10 Long 0 10 ,First,#,East_Borena_Merged_RGUs,SymbolID,-1,-1;AltMode "AltMode" true true false 10 Long 0 10 ,First,#,East_Borena_Merged_RGUs,AltMode,-1,-1;Base "Base" true true false 19 Double 0 0 ,First,#,East_Borena_Merged_RGUs,Base,-1,-1;Clamped "Clamped" true true false 10 Long 0 10 ,First,#,East_Borena_Merged_RGUs,Clamped,-1,-1;Extruded "Extruded" true true false 10 Long 0 10 ,First,#,East_Borena_Merged_RGUs,Extruded,-1,-1;Snippet "Snippet" true true false 254 Text 0 0 ,First,#,East_Borena_Merged_RGUs,Snippet,-1,-1;PopupInfo "PopupInfo" true true false 254 Text 0 0 ,First,#,East_Borena_Merged_RGUs,PopupInfo,-1,-1;Shape_Leng "Shape_Leng" true true false 19 Double 0 0 ,First,#,East_Borena_Merged_RGUs,Shape_Leng,-1,-1;Shape_Le_1 "Shape_Le_1" true true false 19 Double 0 0 ,First,#,East_Borena_Merged_RGUs,Shape_Le_1,-1,-1;Shape_Area "Shape_Area" true true false 19 Double 0 0 ,First,#,East_Borena_Merged_RGUs,Shape_Area,-1,-1;Id "Id" true true false 6 Long 0 6 ,First,#,East_Borena_Merged_RGUs,Id,-1,-1" #</Process><Process ToolSource="c:\program files (x86)\arcgis\desktop10.8\ArcToolbox\Toolboxes\Data Management Tools.tbx\CalculateField" Date="20251004" Time="021635">CalculateField East_Borena_RGUs ADM3 "ET041208" VB #</Process><Process ToolSource="c:\program files (x86)\arcgis\desktop10.8\ArcToolbox\Toolboxes\Data Management Tools.tbx\CalculateField" Date="20251004" Time="022053">CalculateField East_Borena_RGUs ADM3 "ET041220" VB #</Process><Process ToolSource="c:\program files (x86)\arcgis\desktop10.8\ArcToolbox\Toolboxes\Data Management Tools.tbx\CalculateField" Date="20251004" Time="022151">CalculateField East_Borena_RGUs ADM3 "ET041298" VB #</Process><Process ToolSource="c:\program files (x86)\arcgis\desktop10.8\ArcToolbox\Toolboxes\Data Management Tools.tbx\Merge" Date="20251004" Time="031301">Merge East_Borena_RGUs;Borena_RGUs;SouthOmo_RGUs C:\Users\Aramde\Documents\ArcGIS\Default.gdb\East_Borena_RGUs_Merge2 "Woreda "Woreda" true true false 20 Text 0 0 ,First,#,East_Borena_RGUs,Woreda,-1,-1,Borena_RGUs,Woreda,-1,-1,SouthOmo_RGUs,Woreda,-1,-1;ADM3 "ADM3" true true false 20 Text 0 0 ,First,#,East_Borena_RGUs,ADM3,-1,-1,Borena_RGUs,ADM3,-1,-1,SouthOmo_RGUs,ADM3,-1,-1;RGUName "RGUName" true true false 20 Text 0 0 ,First,#,East_Borena_RGUs,RGUName,-1,-1,Borena_RGUs,RGUName,-1,-1,SouthOmo_RGUs,RGUName,-1,-1;RGUCode "RGUCode" true true false 20 Text 0 0 ,First,#,East_Borena_RGUs,RGUCode,-1,-1,Borena_RGUs,RGUCode,-1,-1,SouthOmo_RGUs,RGUCode,-1,-1"</Process><Process ToolSource="c:\program files (x86)\arcgis\desktop10.8\ArcToolbox\Toolboxes\Data Management Tools.tbx\Merge" Date="20251004" Time="153327">Merge RGUBoundary_;Somali_RGUs "D:\SBE\Professional_Service\Global Communities\Report\Shape_Final\All\70_RGUBoundary.shp" "OBJECTID "OBJECTID" true true false 10 Long 0 10 ,First,#,RGUBoundary_,OBJECTID,-1,-1;Woreda "Woreda" true true false 20 Text 0 0 ,First,#,RGUBoundary_,Woreda,-1,-1,Somali_RGUs,Woreda,-1,-1;ADM3 "ADM3" true true false 20 Text 0 0 ,First,#,RGUBoundary_,ADM3,-1,-1,Somali_RGUs,ADM3,-1,-1;RGUName "RGUName" true true false 20 Text 0 0 ,First,#,RGUBoundary_,RGUName,-1,-1,Somali_RGUs,RGUName,-1,-1;RGUCode "RGUCode" true true false 20 Text 0 0 ,First,#,RGUBoundary_,RGUCode,-1,-1,Somali_RGUs,RGUCode,-1,-1;Shape_Leng "Shape_Leng" true true false 19 Double 0 0 ,First,#,RGUBoundary_,Shape_Leng,-1,-1;Shape_Area "Shape_Area" true true false 19 Double 0 0 ,First,#,RGUBoundary_,Shape_Area,-1,-1"</Process><Process ToolSource="c:\program files (x86)\arcgis\desktop10.8\ArcToolbox\Toolboxes\Data Management Tools.tbx\Merge" Date="20251013" Time="193722">Merge 70_RGUs;Area_Kaysa_RGU;Delegnmur_RGU;Dimeka_Zuriya_RGU;Kola_Keja_RGU;Lokoro_RGU;Zeleketa_RGU "D:\SBE\Professional_Service\Global Communities\Temp\modified\70_RGUs_Merge.shp" "Woreda "Woreda" true true false 20 Text 0 0 ,First,#,70_RGUs,Woreda,-1,-1;ADM3 "ADM3" true true false 20 Text 0 0 ,First,#,70_RGUs,ADM3,-1,-1;RGUName "RGUName" true true false 20 Text 0 0 ,First,#,70_RGUs,RGUName,-1,-1;RGUCode "RGUCode" true true false 20 Text 0 0 ,First,#,70_RGUs,RGUCode,-1,-1;Id "Id" true true false 6 Long 0 6 ,First,#,Area_Kaysa_RGU,Id,-1,-1,Delegnmur_RGU,Id,-1,-1,Dimeka_Zuriya_RGU,Id,-1,-1,Kola_Keja_RGU,Id,-1,-1,Lokoro_RGU,Id,-1,-1,Zeleketa_RGU,Id,-1,-1"</Process><Process ToolSource="c:\program files (x86)\arcgis\desktop10.8\ArcToolbox\Toolboxes\Conversion Tools.tbx\FeatureClassToFeatureClass" Date="20251013" Time="195500">FeatureClassToFeatureClass 70_RGUs_Merge "D:\SBE\Professional_Service\Global Communities\Temp\modified\New File Geodatabase.gdb\RGUs_edited" RGUs_edited # "Woreda "Woreda" true true false 20 Text 0 0 ,First,#,70_RGUs_Merge,Woreda,-1,-1;ADM3 "ADM3" true true false 20 Text 0 0 ,First,#,70_RGUs_Merge,ADM3,-1,-1;RGUName "RGUName" true true false 20 Text 0 0 ,First,#,70_RGUs_Merge,RGUName,-1,-1;RGUCode "RGUCode" true true false 20 Text 0 0 ,First,#,70_RGUs_Merge,RGUCode,-1,-1;Id "Id" true true false 6 Long 0 6 ,First,#,70_RGUs_Merge,Id,-1,-1" #</Process><Process ToolSource="c:\program files (x86)\arcgis\desktop10.8\ArcToolbox\Toolboxes\Analysis Tools.tbx\Erase" Date="20251018" Time="104224">Erase 70_RGUs_edited Export_Output C:\Users\Aramde\Documents\ArcGIS\Default1.gdb\c70_RGUs_edited_Erase1 #</Process><Process ToolSource="c:\program files (x86)\arcgis\desktop10.8\ArcToolbox\Toolboxes\Conversion Tools.tbx\FeatureClassToFeatureClass" Date="20251019" Time="005833">FeatureClassToFeatureClass "D:\SBE\Professional_Service\Global Communities\Report\Shape_Final\70_RGUs_edited_Paddocks\70_RGUs_edited.shp" "D:\SBE\Professional_Service\Global Communities\Temp\New File Geodatabase.gdb\RGU" PADDOK # "OBJECTID_1 "OBJECTID_1" true true false 10 Long 0 10 ,First,#,D:\SBE\Professional_Service\Global Communities\Report\Shape_Final\70_RGUs_edited_Paddocks\70_RGUs_edited.shp,OBJECTID_1,-1,-1;OBJECTID "OBJECTID" true true false 10 Long 0 10 ,First,#,D:\SBE\Professional_Service\Global Communities\Report\Shape_Final\70_RGUs_edited_Paddocks\70_RGUs_edited.shp,OBJECTID,-1,-1;Woreda "Woreda" true true false 20 Text 0 0 ,First,#,D:\SBE\Professional_Service\Global Communities\Report\Shape_Final\70_RGUs_edited_Paddocks\70_RGUs_edited.shp,Woreda,-1,-1;ADM3 "ADM3" true true false 20 Text 0 0 ,First,#,D:\SBE\Professional_Service\Global Communities\Report\Shape_Final\70_RGUs_edited_Paddocks\70_RGUs_edited.shp,ADM3,-1,-1;RGUName "RGUName" true true false 20 Text 0 0 ,First,#,D:\SBE\Professional_Service\Global Communities\Report\Shape_Final\70_RGUs_edited_Paddocks\70_RGUs_edited.shp,RGUName,-1,-1;RGUCode "RGUCode" true true false 20 Text 0 0 ,First,#,D:\SBE\Professional_Service\Global Communities\Report\Shape_Final\70_RGUs_edited_Paddocks\70_RGUs_edited.shp,RGUCode,-1,-1;PadName "PadName" true true false 10 Text 0 0 ,First,#,D:\SBE\Professional_Service\Global Communities\Report\Shape_Final\70_RGUs_edited_Paddocks\70_RGUs_edited.shp,PadName,-1,-1;PadCode "PadCode" true true false 20 Text 0 0 ,First,#,D:\SBE\Professional_Service\Global Communities\Report\Shape_Final\70_RGUs_edited_Paddocks\70_RGUs_edited.shp,PadCode,-1,-1;Note "Note" true true false 50 Text 0 0 ,First,#,D:\SBE\Professional_Service\Global Communities\Report\Shape_Final\70_RGUs_edited_Paddocks\70_RGUs_edited.shp,Note,-1,-1;Date "Date" true true false 19 Double 0 0 ,First,#,D:\SBE\Professional_Service\Global Communities\Report\Shape_Final\70_RGUs_edited_Paddocks\70_RGUs_edited.shp,Date,-1,-1;Shape_Leng "Shape_Leng" true true false 19 Double 0 0 ,First,#,D:\SBE\Professional_Service\Global Communities\Report\Shape_Final\70_RGUs_edited_Paddocks\70_RGUs_edited.shp,Shape_Leng,-1,-1;Shape_Area "Shape_Area" true true false 19 Double 0 0 ,First,#,D:\SBE\Professional_Service\Global Communities\Report\Shape_Final\70_RGUs_edited_Paddocks\70_RGUs_edited.shp,Shape_Area,-1,-1" #</Process><Process ToolSource="c:\program files (x86)\arcgis\desktop10.8\ArcToolbox\Toolboxes\Conversion Tools.tbx\FeatureClassToFeatureClass" Date="20251019" Time="012755">FeatureClassToFeatureClass "D:\SBE\Professional_Service\Global Communities\Temp\New File Geodatabase.gdb\RGU\PADDOK" "D:\SBE\Professional_Service\Global Communities\Temp\New File Geodatabase.gdb\RGU" Paddok2 # "OBJECTID_1 "OBJECTID_1" true true false 4 Long 0 0 ,First,#,D:\SBE\Professional_Service\Global Communities\Temp\New File Geodatabase.gdb\RGU\PADDOK,OBJECTID_1,-1,-1;OBJECTID "OBJECTID" true true false 4 Long 0 0 ,First,#,D:\SBE\Professional_Service\Global Communities\Temp\New File Geodatabase.gdb\RGU\PADDOK,OBJECTID,-1,-1;Woreda "Woreda" true true false 20 Text 0 0 ,First,#,D:\SBE\Professional_Service\Global Communities\Temp\New File Geodatabase.gdb\RGU\PADDOK,Woreda,-1,-1;ADM3 "ADM3" true true false 20 Text 0 0 ,First,#,D:\SBE\Professional_Service\Global Communities\Temp\New File Geodatabase.gdb\RGU\PADDOK,ADM3,-1,-1;RGUName "RGUName" true true false 20 Text 0 0 ,First,#,D:\SBE\Professional_Service\Global Communities\Temp\New File Geodatabase.gdb\RGU\PADDOK,RGUName,-1,-1;RGUCode "RGUCode" true true false 20 Text 0 0 ,First,#,D:\SBE\Professional_Service\Global Communities\Temp\New File Geodatabase.gdb\RGU\PADDOK,RGUCode,-1,-1;PadName "PadName" true true false 10 Text 0 0 ,First,#,D:\SBE\Professional_Service\Global Communities\Temp\New File Geodatabase.gdb\RGU\PADDOK,PadName,-1,-1;PadCode "PadCode" true true false 20 Text 0 0 ,First,#,D:\SBE\Professional_Service\Global Communities\Temp\New File Geodatabase.gdb\RGU\PADDOK,PadCode,-1,-1;Note "Note" true true false 50 Text 0 0 ,First,#,D:\SBE\Professional_Service\Global Communities\Temp\New File Geodatabase.gdb\RGU\PADDOK,Note,-1,-1;Date "Date" true true false 8 Double 0 0 ,First,#,D:\SBE\Professional_Service\Global Communities\Temp\New File Geodatabase.gdb\RGU\PADDOK,Date,-1,-1;Shape_Leng "Shape_Leng" true true false 8 Double 0 0 ,First,#,D:\SBE\Professional_Service\Global Communities\Temp\New File Geodatabase.gdb\RGU\PADDOK,Shape_Leng,-1,-1;Shape_Length "Shape_Length" false true true 8 Double 0 0 ,First,#,D:\SBE\Professional_Service\Global Communities\Temp\New File Geodatabase.gdb\RGU\PADDOK,Shape_Length,-1,-1;Shape_Area "Shape_Area" false true true 8 Double 0 0 ,First,#,D:\SBE\Professional_Service\Global Communities\Temp\New File Geodatabase.gdb\RGU\PADDOK,Shape_Area,-1,-1" #</Process><Process ToolSource="c:\program files (x86)\arcgis\desktop10.8\ArcToolbox\Toolboxes\Data Management Tools.tbx\CalculateField" Date="20251020" Time="093653">CalculateField Paddock_boundaries Note "Missing Paddocks"
 VB #</Process><Process ToolSource="c:\program files (x86)\arcgis\desktop10.8\ArcToolbox\Toolboxes\Data Management Tools.tbx\CalculateField" Date="20251020" Time="093716">CalculateField Paddock_boundaries Note "Missing Paddocks"
 VB #</Process><Process ToolSource="c:\program files (x86)\arcgis\desktop10.8\ArcToolbox\Toolboxes\Data Management Tools.tbx\CalculateField" Date="20251020" Time="094143">CalculateField Paddock_boundaries Date "2025-10-19"
 VB #</Process><Process ToolSource="c:\program files (x86)\arcgis\desktop10.8\ArcToolbox\Toolboxes\Data Management Tools.tbx\CalculateField" Date="20251020" Time="094239">CalculateField Paddock_boundaries Date "2025_10_19"
 VB #</Process><Process ToolSource="c:\program files (x86)\arcgis\desktop10.8\ArcToolbox\Toolboxes\Data Management Tools.tbx\CalculateField" Date="20251020" Time="094258">CalculateField Paddock_boundaries Date 2025-10-19
 VB #</Process><Process ToolSource="c:\program files (x86)\arcgis\desktop10.8\ArcToolbox\Toolboxes\Data Management Tools.tbx\CalculateField" Date="20251020" Time="094338">CalculateField Paddock_boundaries Date 2025-10-19
 VB #</Process><Process ToolSource="c:\program files (x86)\arcgis\desktop10.8\ArcToolbox\Toolboxes\Data Management Tools.tbx\CalculateField" Date="20251020" Time="094541">CalculateField Paddock_boundaries Date 2025-10-19
 VB #</Process><Process ToolSource="c:\program files (x86)\arcgis\desktop10.8\ArcToolbox\Toolboxes\Data Management Tools.tbx\CalculateField" Date="20251020" Time="094642">CalculateField Paddock_boundaries Date "2025-10-19"
 VB #</Process><Process ToolSource="c:\program files (x86)\arcgis\desktop10.8\ArcToolbox\Toolboxes\Conversion Tools.tbx\FeatureClassToFeatureClass" Date="20251026" Time="100649">FeatureClassToFeatureClass Paddock_boundaries "D:\SBE\Professional_Service\Global Communities\Temp\modified\New File Geodatabase.gdb\RGU_edited2" RGU_edited2 # "Woreda "Woreda" true true false 20 Text 0 0 ,First,#,Paddock_boundaries,Woreda,-1,-1;ADM3 "ADM3" true true false 20 Text 0 0 ,First,#,Paddock_boundaries,ADM3,-1,-1;RGUName "RGUName" true true false 20 Text 0 0 ,First,#,Paddock_boundaries,RGUName,-1,-1;RGUCode "RGUCode" true true false 20 Text 0 0 ,First,#,Paddock_boundaries,RGUCode,-1,-1;PadName "PadName" true true false 10 Text 0 0 ,First,#,Paddock_boundaries,PadName,-1,-1;PadCode "PadCode" true true false 20 Text 0 0 ,First,#,Paddock_boundaries,PadCode,-1,-1;Note "Note" true true false 50 Text 0 0 ,First,#,Paddock_boundaries,Note,-1,-1;Date "Date" true true false 50 Text 0 0 ,First,#,Paddock_boundaries,Date,-1,-1" #</Process></lineage></DataProperties><SyncDate>20251026</SyncDate><SyncTime>10064800</SyncTime><ModDate>20251026</ModDate><ModTime>10064800</ModTime></Esri><dataIdInfo><envirDesc Sync="TRUE"> Version 6.2 (Build 9200) ; Esri ArcGIS 10.8.0.12790</envirDesc><dataLang><languageCode value="eng" Sync="TRUE"></languageCode><countryCode value="USA" Sync="TRUE"></countryCode></dataLang><idCitation><resTitle Sync="TRUE">RGU_edited2</resTitle><presForm><PresFormCd value="005" Sync="TRUE"></PresFormCd></presForm></idCitation><spatRpType><SpatRepTypCd value="001" Sync="TRUE"></SpatRepTypCd></spatRpType></dataIdInfo><mdLang><languageCode value="eng" Sync="TRUE"></languageCode><countryCode value="USA" Sync="TRUE"></countryCode></mdLang><mdChar><CharSetCd value="004" Sync="TRUE"></CharSetCd></mdChar><distInfo><distFormat><formatName Sync="TRUE">File Geodatabase Feature Class</formatName></distFormat><distTranOps><transSize Sync="TRUE">0.000</transSize></distTranOps></distInfo><mdHrLv><ScopeCd value="005" Sync="TRUE"></ScopeCd></mdHrLv><mdHrLvName Sync="TRUE">dataset</mdHrLvName><refSysInfo><RefSystem><refSysID><identCode code="4326" Sync="TRUE"></identCode><idCodeSpace Sync="TRUE">EPSG</idCodeSpace><idVersion Sync="TRUE">6.14(3.0.1)</idVersion></refSysID></RefSystem></refSysInfo><spatRepInfo><VectSpatRep><geometObjs Name="RGU_edited2"><geoObjTyp><GeoObjTypCd value="002" Sync="TRUE"></GeoObjTypCd></geoObjTyp><geoObjCnt Sync="TRUE">0</geoObjCnt></geometObjs><topLvl><TopoLevCd value="001" Sync="TRUE"></TopoLevCd></topLvl></VectSpatRep></spatRepInfo><spdoinfo><ptvctinf><esriterm Name="RGU_edited2"><efeatyp Sync="TRUE">Simple</efeatyp><efeageom code="4" Sync="TRUE"></efeageom><esritopo Sync="TRUE">FALSE</esritopo><efeacnt Sync="TRUE">0</efeacnt><spindex Sync="TRUE">TRUE</spindex><linrefer Sync="TRUE">TRUE</linrefer></esriterm></ptvctinf></spdoinfo><eainfo><detailed Name="RGU_edited2"><enttyp><enttypl Sync="TRUE">RGU_edited2</enttypl><enttypt Sync="TRUE">Feature Class</enttypt><enttypc Sync="TRUE">0</enttypc></enttyp><attr><attrlabl Sync="TRUE">OBJECTID</attrlabl><attalias Sync="TRUE">OBJECTID</attalias><attrtype Sync="TRUE">OID</attrtype><attwidth Sync="TRUE">4</attwidth><atprecis Sync="TRUE">0</atprecis><attscale Sync="TRUE">0</attscale><attrdef Sync="TRUE">Internal feature number.</attrdef><attrdefs Sync="TRUE">Esri</attrdefs><attrdomv><udom Sync="TRUE">Sequential unique whole numbers that are automatically generated.</udom></attrdomv></attr><attr><attrlabl Sync="TRUE">Shape</attrlabl><attalias Sync="TRUE">Shape</attalias><attrtype Sync="TRUE">Geometry</attrtype><attwidth Sync="TRUE">0</attwidth><atprecis Sync="TRUE">0</atprecis><attscale Sync="TRUE">0</attscale><attrdef Sync="TRUE">Feature geometry.</attrdef><attrdefs Sync="TRUE">Esri</attrdefs><attrdomv><udom Sync="TRUE">Coordinates defining the features.</udom></attrdomv></attr><attr><attrlabl Sync="TRUE">Woreda</attrlabl><attalias Sync="TRUE">Woreda</attalias><attrtype Sync="TRUE">String</attrtype><attwidth Sync="TRUE">20</attwidth><atprecis Sync="TRUE">0</atprecis><attscale Sync="TRUE">0</attscale></attr><attr><attrlabl Sync="TRUE">ADM3</attrlabl><attalias Sync="TRUE">ADM3</attalias><attrtype Sync="TRUE">String</attrtype><attwidth Sync="TRUE">20</attwidth><atprecis Sync="TRUE">0</atprecis><attscale Sync="TRUE">0</attscale></attr><attr><attrlabl Sync="TRUE">RGUName</attrlabl><attalias Sync="TRUE">RGUName</attalias><attrtype Sync="TRUE">String</attrtype><attwidth Sync="TRUE">20</attwidth><atprecis Sync="TRUE">0</atprecis><attscale Sync="TRUE">0</attscale></attr><attr><attrlabl Sync="TRUE">RGUCode</attrlabl><attalias Sync="TRUE">RGUCode</attalias><attrtype Sync="TRUE">String</attrtype><attwidth Sync="TRUE">20</attwidth><atprecis Sync="TRUE">0</atprecis><attscale Sync="TRUE">0</attscale></attr><attr><attrlabl Sync="TRUE">PadName</attrlabl><attalias Sync="TRUE">PadName</attalias><attrtype Sync="TRUE">String</attrtype><attwidth Sync="TRUE">10</attwidth><atprecis Sync="TRUE">0</atprecis><attscale Sync="TRUE">0</attscale></attr><attr><attrlabl Sync="TRUE">PadCode</attrlabl><attalias Sync="TRUE">PadCode</attalias><attrtype Sync="TRUE">String</attrtype><attwidth Sync="TRUE">20</attwidth><atprecis Sync="TRUE">0</atprecis><attscale Sync="TRUE">0</attscale></attr><attr><attrlabl Sync="TRUE">Note</attrlabl><attalias Sync="TRUE">Note</attalias><attrtype Sync="TRUE">String</attrtype><attwidth Sync="TRUE">50</attwidth><atprecis Sync="TRUE">0</atprecis><attscale Sync="TRUE">0</attscale></attr><attr><attrlabl Sync="TRUE">Date</attrlabl><attalias Sync="TRUE">Date</attalias><attrtype Sync="TRUE">String</attrtype><attwidth Sync="TRUE">50</attwidth><atprecis Sync="TRUE">0</atprecis><attscale Sync="TRUE">0</attscale></attr><attr><attrlabl Sync="TRUE">Shape_Length</attrlabl><attalias Sync="TRUE">Shape_Length</attalias><attrtype Sync="TRUE">Double</attrtype><attwidth Sync="TRUE">8</attwidth><atprecis Sync="TRUE">0</atprecis><attscale Sync="TRUE">0</attscale><attrdef Sync="TRUE">Length of feature in internal units.</attrdef><attrdefs Sync="TRUE">Esri</attrdefs><attrdomv><udom Sync="TRUE">Positive real numbers that are automatically generated.</udom></attrdomv></attr><attr><attrlabl Sync="TRUE">Shape_Area</attrlabl><attalias Sync="TRUE">Shape_Area</attalias><attrtype Sync="TRUE">Double</attrtype><attwidth Sync="TRUE">8</attwidth><atprecis Sync="TRUE">0</atprecis><attscale Sync="TRUE">0</attscale><attrdef Sync="TRUE">Area of feature in internal units squared.</attrdef><attrdefs Sync="TRUE">Esri</attrdefs><attrdomv><udom Sync="TRUE">Positive real numbers that are automatically generated.</udom></attrdomv></attr></detailed></eainfo><mdDateSt Sync="TRUE">20251026</mdDateSt></metadata>
